"idCompra";"Fecha";"Metodo_pago";"Cliente_DNI_cliente";"Codigo_conf_pago";"Online"
1;"2024-12-12 13:55:55";"Debito";88631854;"116340";1
2;"2024-11-06 22:16:48";"Debito";31296008;"658110";0
3;"2024-11-08 23:46:24";"Efectivo";29453626;"541000";0
4;"2023-06-03 05:22:39";"Debito";96088162;"704703";1
5;"2023-03-05 02:47:46";"Efectivo";70866611;"239014";0
6;"2024-10-25 21:49:20";"Credito";34934286;"160830";0
7;"2023-05-28 07:11:48";"Credito";44792580;"692194";0
8;"2023-06-01 11:36:28";"Billetera Virtual";93382185;"590871";0
9;"2023-01-23 21:23:19";"Efectivo";39256442;"178727";0
10;"2023-02-04 23:52:56";"Billetera Virtual";54370290;"537896";1
11;"2024-12-29 04:16:55";"Credito";48347703;"991011";1
12;"2024-12-01 02:49:52";"Billetera Virtual";57721839;"100171";0
13;"2024-12-13 14:44:38";"Credito";82723998;"297096";0
14;"2023-01-03 15:08:50";"Transferencia";26029058;"312982";1
15;"2024-10-28 01:07:15";"Transferencia";79381924;"609839";0
16;"2023-01-24 14:22:32";"Transferencia";47962084;"360060";1
17;"2023-05-13 10:47:28";"Efectivo";44417725;"962717";0
18;"2024-12-10 15:40:37";"Billetera Virtual";94454199;"464009";0
19;"2023-01-05 14:15:42";"Billetera Virtual";37494023;"643418";1
20;"2023-04-01 05:54:53";"Credito";90136395;"824416";1
21;"2023-02-28 13:25:47";"Credito";37517695;"831556";1
22;"2023-05-21 00:55:19";"Credito";35409229;"423731";1
23;"2023-04-15 01:53:02";"Credito";92259708;"384034";0
24;"2023-02-23 21:42:24";"Debito";38628408;"688473";1
25;"2024-12-30 19:12:15";"Transferencia";84906080;"373938";1
26;"2023-01-09 20:37:06";"Debito";86376855;"414334";1
27;"2023-01-21 19:06:07";"Debito";49280047;"323044";1
28;"2024-11-13 23:15:28";"Debito";85789200;"351909";1
29;"2023-01-24 10:10:01";"Efectivo";79246698;"945655";1
30;"2024-10-31 12:26:56";"Efectivo";63097573;"299707";1
31;"2024-10-15 01:52:39";"Transferencia";16533826;"886376";1
32;"2023-02-21 17:05:59";"Credito";99366827;"967672";1
33;"2023-02-02 13:31:58";"Efectivo";23223808;"748785";1
34;"2024-12-27 19:06:31";"Transferencia";12128805;"984231";1
35;"2023-02-28 20:10:09";"Credito";88465230;"781564";0
36;"2024-12-03 11:31:12";"Debito";82683067;"414272";0
37;"2023-03-04 20:47:51";"Credito";36969345;"473679";1
38;"2023-05-12 08:46:10";"Billetera Virtual";49596187;"428025";1
39;"2023-05-19 04:04:27";"Transferencia";77084715;"373265";0
40;"2023-05-25 19:42:14";"Efectivo";38843283;"316239";1
41;"2024-11-26 07:52:03";"Transferencia";73291498;"382300";1
42;"2024-12-22 19:40:52";"Debito";17295903;"751287";0
43;"2023-05-24 05:36:39";"Credito";10513053;"258870";1
44;"2023-05-18 09:49:23";"Billetera Virtual";65923387;"755182";0
45;"2023-02-16 11:43:37";"Debito";39676214;"308995";1
46;"2023-01-07 01:42:18";"Debito";87951839;"633582";0
47;"2023-02-02 22:45:57";"Billetera Virtual";39359201;"910539";0
48;"2023-04-04 19:46:21";"Efectivo";44872626;"344635";0
49;"2023-04-04 03:45:10";"Credito";25351390;"987665";1
50;"2024-12-22 20:54:40";"Efectivo";42402212;"833248";0
51;"2023-03-24 15:51:28";"Debito";30503859;"255082";1
52;"2023-04-21 06:22:43";"Transferencia";28056265;"805233";0
53;"2024-12-10 18:54:49";"Billetera Virtual";19940628;"714628";0
54;"2024-11-20 13:52:21";"Efectivo";77978929;"166126";1
55;"2024-10-30 14:37:51";"Debito";28987104;"883479";1
56;"2024-10-27 06:50:37";"Billetera Virtual";15443782;"366821";1
57;"2023-01-23 23:44:12";"Efectivo";18853070;"299970";1
58;"2023-06-07 12:56:40";"Credito";81746198;"668145";0
59;"2024-12-25 12:39:41";"Billetera Virtual";43008364;"868875";0
60;"2024-11-04 20:20:53";"Transferencia";30520397;"285411";1
61;"2023-02-01 04:42:51";"Transferencia";15342612;"658733";1
62;"2023-04-10 18:48:44";"Billetera Virtual";24124151;"609547";0
63;"2023-02-04 19:44:10";"Efectivo";91764639;"220126";0
64;"2024-12-11 08:43:38";"Efectivo";45426815;"921363";0
65;"2024-10-16 06:57:13";"Credito";19485033;"971789";0
66;"2023-02-23 14:40:54";"Credito";38712557;"874876";0
67;"2023-02-15 00:59:18";"Debito";87377443;"243709";1
68;"2024-11-28 13:54:10";"Credito";17269788;"359561";0
69;"2023-04-17 01:05:05";"Efectivo";89857533;"927790";0
70;"2023-05-25 16:59:43";"Transferencia";42259609;"164421";1
71;"2024-11-01 18:47:27";"Billetera Virtual";41768211;"338210";1
72;"2023-05-28 09:55:31";"Debito";24340612;"567558";1
73;"2024-10-20 09:26:08";"Efectivo";56136728;"348089";0
74;"2024-11-19 07:02:02";"Credito";78670649;"909717";1
75;"2023-01-21 09:35:32";"Credito";13338262;"829674";1
76;"2023-03-18 10:12:21";"Debito";51313355;"798500";1
77;"2023-02-17 06:56:21";"Transferencia";92993237;"757859";1
78;"2023-03-03 10:49:24";"Debito";39577591;"530198";1
79;"2024-10-19 00:34:10";"Credito";16347814;"327210";1
80;"2023-02-06 06:24:07";"Credito";35461908;"885804";0
81;"2023-03-24 00:14:56";"Transferencia";74829108;"997099";1
82;"2023-01-22 11:05:07";"Credito";39738389;"425959";1
83;"2023-05-22 17:06:33";"Transferencia";80589157;"477960";1
84;"2023-04-18 23:50:42";"Debito";49284095;"637981";0
85;"2024-11-07 06:26:56";"Efectivo";45020343;"763707";1
86;"2023-01-15 06:42:39";"Efectivo";93671620;"468076";0
87;"2023-01-30 23:04:12";"Billetera Virtual";28521677;"788027";1
88;"2024-10-23 09:46:53";"Debito";25590889;"588389";1
89;"2024-12-16 10:04:57";"Credito";91294007;"461540";0
90;"2024-11-27 02:44:05";"Efectivo";58133538;"667158";1
91;"2024-11-18 16:20:26";"Billetera Virtual";51940267;"166999";1
92;"2023-05-01 02:23:35";"Transferencia";21521378;"489149";1
93;"2023-03-24 04:31:03";"Billetera Virtual";47010612;"970900";1
94;"2023-01-08 20:16:25";"Debito";61374904;"563407";0
95;"2024-12-27 02:03:35";"Billetera Virtual";69139425;"107995";1
96;"2023-04-04 23:16:18";"Transferencia";46614709;"199993";1
97;"2023-03-27 13:46:56";"Transferencia";50024689;"830251";1
98;"2023-05-02 19:50:09";"Credito";13653635;"423003";1
99;"2024-12-24 01:13:51";"Efectivo";52027759;"557399";1
100;"2024-11-13 07:37:39";"Debito";10765127;"811796";1
101;"2023-02-28 00:34:34";"Credito";31457173;"188136";0
102;"2023-02-28 21:34:36";"Efectivo";19347148;"591943";0
103;"2024-10-11 17:35:57";"Credito";45547271;"311871";1
104;"2023-04-28 05:45:23";"Transferencia";56225585;"490217";1
105;"2023-06-06 18:02:00";"Credito";34754922;"137524";1
106;"2023-04-27 07:01:05";"Billetera Virtual";24010922;"448107";0
107;"2023-01-18 01:19:29";"Transferencia";72954152;"418803";0
108;"2024-10-19 10:00:39";"Transferencia";69105700;"678701";0
109;"2023-02-15 03:40:48";"Efectivo";14484577;"568004";1
110;"2023-03-15 08:17:59";"Transferencia";65862283;"729955";1
111;"2024-12-10 08:59:33";"Transferencia";64450270;"325777";0
112;"2024-10-20 05:10:14";"Billetera Virtual";20268046;"968085";0
113;"2023-02-06 07:03:27";"Billetera Virtual";16759337;"801948";1
114;"2024-11-19 05:25:55";"Transferencia";43954364;"710238";1
115;"2024-11-09 05:12:04";"Efectivo";80615019;"290347";1
116;"2023-03-02 02:34:25";"Transferencia";99886821;"906795";1
117;"2024-10-14 06:30:36";"Efectivo";76197783;"111873";1
118;"2024-10-30 16:39:07";"Credito";94280649;"793385";1
119;"2023-01-17 13:22:30";"Billetera Virtual";48634934;"562156";0
120;"2023-03-14 13:40:11";"Efectivo";94929641;"450720";0
121;"2024-12-05 15:13:09";"Debito";86604025;"202359";0
122;"2023-02-08 11:00:16";"Transferencia";64359320;"642290";1
123;"2023-02-04 05:01:35";"Credito";49385526;"363242";1
124;"2023-02-04 14:00:00";"Credito";64620354;"300327";0
125;"2023-02-19 01:59:40";"Credito";32129211;"541504";0
126;"2023-03-03 22:47:24";"Billetera Virtual";66680160;"327104";0
127;"2023-06-04 05:18:05";"Credito";72439735;"474004";0
128;"2023-04-22 21:16:31";"Credito";22436083;"216461";0
129;"2024-12-24 21:50:17";"Billetera Virtual";66214637;"334665";1
130;"2023-04-17 11:53:26";"Transferencia";60874196;"428597";1
131;"2024-11-04 23:27:19";"Debito";73000250;"397189";0
132;"2024-11-07 17:17:09";"Credito";54022289;"313607";0
133;"2023-01-28 04:53:43";"Credito";52224460;"811394";1
134;"2023-01-30 08:46:53";"Billetera Virtual";22591166;"203256";0
135;"2024-10-17 02:00:36";"Billetera Virtual";12450437;"498508";1
136;"2023-03-16 18:42:00";"Debito";64260818;"485716";1
137;"2023-03-20 05:35:56";"Transferencia";34988337;"257692";1
138;"2023-05-27 09:17:08";"Efectivo";75135337;"790218";1
139;"2024-11-24 19:45:29";"Debito";11398454;"661919";0
140;"2023-02-18 21:15:50";"Billetera Virtual";57049290;"662031";0
141;"2023-03-12 07:21:10";"Credito";44327000;"499385";0
142;"2023-05-09 06:57:15";"Billetera Virtual";36810979;"848368";0
143;"2023-01-17 08:00:58";"Transferencia";13612803;"300354";1
144;"2023-03-01 04:29:47";"Transferencia";20311883;"517413";1
145;"2023-02-28 12:09:41";"Credito";84385124;"597108";0
146;"2024-12-05 14:04:28";"Debito";57187470;"172014";1
147;"2023-05-10 17:40:21";"Debito";32294132;"708760";1
148;"2023-03-02 19:21:30";"Debito";91682797;"406820";1
149;"2024-11-19 22:58:12";"Billetera Virtual";42844501;"978725";0
150;"2023-01-03 00:03:42";"Billetera Virtual";48022033;"317821";1
151;"2023-01-28 11:03:24";"Debito";11166859;"774879";0
152;"2024-10-09 20:35:43";"Billetera Virtual";31725297;"207589";1
153;"2023-05-02 00:12:04";"Transferencia";59664447;"329848";1
154;"2023-04-12 13:51:22";"Efectivo";91330006;"821145";0
155;"2023-02-23 16:18:56";"Credito";48230553;"571646";1
156;"2024-12-08 21:37:15";"Debito";32603673;"900100";1
157;"2023-05-01 00:31:33";"Debito";30606198;"589241";0
158;"2023-03-02 04:26:15";"Credito";21025557;"635524";1
159;"2023-01-01 18:45:04";"Debito";38158651;"836355";1
160;"2023-03-16 17:03:24";"Billetera Virtual";29735594;"440504";1
161;"2023-03-11 13:04:25";"Transferencia";49676073;"618243";0
162;"2023-01-13 18:26:08";"Transferencia";88546576;"834653";0
163;"2023-01-12 01:45:30";"Efectivo";48125386;"982231";1
164;"2024-12-29 15:45:00";"Transferencia";88585237;"468349";0
165;"2023-01-14 02:34:59";"Debito";39711263;"582124";1
166;"2023-05-24 04:16:11";"Debito";34959114;"529163";1
167;"2023-04-03 02:16:22";"Transferencia";21611713;"777950";1
168;"2023-02-07 00:50:16";"Debito";65125981;"182686";0
169;"2023-03-18 01:11:28";"Efectivo";52584627;"990679";0
170;"2023-02-23 09:54:15";"Transferencia";62414730;"986552";1
171;"2023-06-03 12:58:38";"Transferencia";92725817;"411662";0
172;"2023-06-07 06:50:38";"Billetera Virtual";66068317;"609136";0
173;"2023-02-20 23:33:03";"Credito";14180322;"289695";0
174;"2023-04-19 03:22:44";"Credito";86581857;"877205";0
175;"2023-05-16 08:13:50";"Billetera Virtual";89257418;"614013";1
176;"2023-04-30 20:31:35";"Billetera Virtual";70573301;"487475";1
177;"2023-05-23 16:56:24";"Credito";14252328;"819352";0
178;"2023-02-20 11:10:21";"Debito";14591013;"138335";0
179;"2023-05-19 22:46:33";"Billetera Virtual";45219102;"279485";1
180;"2023-05-30 06:28:13";"Efectivo";28182956;"485503";0
181;"2023-03-02 21:46:43";"Transferencia";59052067;"253355";0
182;"2023-02-05 16:25:48";"Debito";42608781;"541016";0
183;"2023-04-16 19:38:19";"Billetera Virtual";60816136;"258487";0
184;"2024-12-20 13:06:55";"Credito";29393737;"354068";0
185;"2023-04-09 20:03:37";"Credito";12034171;"447883";0
186;"2023-02-09 08:21:54";"Efectivo";22131187;"874005";0
187;"2024-10-30 06:37:25";"Credito";46257963;"194203";1
188;"2023-05-14 07:21:55";"Efectivo";33154542;"895036";1
189;"2023-04-18 07:45:09";"Billetera Virtual";60397469;"799040";1
190;"2024-12-25 02:25:13";"Credito";34740181;"410384";1
191;"2024-11-21 13:53:17";"Billetera Virtual";54194799;"365602";0
192;"2023-02-08 12:58:31";"Billetera Virtual";95903814;"330128";0
193;"2023-01-14 20:28:28";"Billetera Virtual";65134337;"932880";1
194;"2023-02-16 10:49:28";"Debito";29727300;"823858";0
195;"2023-01-12 05:39:34";"Debito";81540673;"964146";1
196;"2023-01-22 03:38:18";"Efectivo";51920333;"814129";1
197;"2023-04-18 07:19:46";"Credito";58303482;"720467";1
198;"2024-11-07 07:41:19";"Billetera Virtual";53440840;"321083";0
199;"2024-10-09 03:29:51";"Debito";66958667;"252054";1
200;"2023-02-16 12:05:25";"Transferencia";77802378;"558003";0
201;"2023-01-20 13:50:54";"Efectivo";49222077;"757002";0
202;"2024-10-13 10:38:03";"Efectivo";57761083;"285679";0
203;"2023-05-11 06:03:24";"Efectivo";40849716;"418548";0
204;"2024-11-27 17:05:56";"Credito";38398462;"464132";1
205;"2023-03-08 02:49:13";"Transferencia";82169374;"567332";1
206;"2024-12-01 06:31:38";"Billetera Virtual";29275924;"541737";0
207;"2023-03-10 04:52:18";"Efectivo";25511741;"994815";1
208;"2023-03-23 04:10:40";"Efectivo";64116052;"563544";0
209;"2023-01-20 07:43:05";"Efectivo";62964585;"311885";0
210;"2024-12-29 23:41:07";"Efectivo";25130361;"570143";1
211;"2024-11-06 11:54:08";"Credito";21755685;"589753";0
212;"2023-04-01 22:44:05";"Billetera Virtual";30537397;"179022";1
213;"2024-11-12 17:43:45";"Debito";40884458;"593674";0
214;"2024-11-12 11:59:25";"Debito";22138186;"466646";1
215;"2024-12-01 09:24:50";"Transferencia";67143637;"799852";1
216;"2023-03-26 02:23:55";"Transferencia";11238409;"967912";0
217;"2023-02-08 07:12:31";"Billetera Virtual";69452895;"358022";0
218;"2024-11-02 23:26:51";"Billetera Virtual";78686736;"248955";0
219;"2024-11-25 22:13:56";"Billetera Virtual";18845261;"979511";1
220;"2023-05-13 14:42:24";"Efectivo";98220619;"934154";0
221;"2023-03-16 18:40:42";"Billetera Virtual";62690265;"461937";1
222;"2024-12-20 14:39:40";"Transferencia";68573402;"202589";1
223;"2023-04-01 00:51:31";"Transferencia";71097509;"204264";0
224;"2024-12-31 10:59:37";"Debito";79131508;"321615";0
225;"2024-10-30 18:12:07";"Transferencia";30483767;"489696";1
226;"2024-12-13 03:02:58";"Credito";97983751;"372492";1
227;"2023-01-02 02:10:14";"Debito";70903456;"981914";1
228;"2023-01-02 19:30:10";"Billetera Virtual";34973301;"294651";0
229;"2023-05-13 13:14:58";"Credito";48184043;"658137";0
230;"2023-05-26 17:11:01";"Transferencia";38201425;"398080";0
231;"2023-01-30 00:37:17";"Debito";79937942;"771639";0
232;"2023-02-17 22:55:12";"Credito";36649122;"337789";0
233;"2023-05-23 18:05:55";"Billetera Virtual";85017802;"719952";0
234;"2023-04-14 20:08:06";"Efectivo";31087386;"857366";0
235;"2024-12-22 19:42:36";"Efectivo";49172161;"313813";1
236;"2023-04-28 11:49:33";"Efectivo";27813078;"556280";1
237;"2024-11-22 07:22:58";"Debito";98445860;"493720";0
238;"2023-03-03 05:09:33";"Credito";82596357;"627689";1
239;"2023-05-06 12:01:01";"Transferencia";51857990;"770085";0
240;"2023-02-17 19:55:40";"Transferencia";57021719;"233078";1
241;"2024-11-07 12:30:16";"Efectivo";98026469;"599241";1
242;"2023-04-03 14:49:53";"Transferencia";27348315;"466965";1
243;"2024-11-12 14:31:21";"Transferencia";89715979;"422465";1
244;"2023-03-05 07:46:49";"Credito";26751915;"756595";1
245;"2023-02-15 20:35:54";"Debito";38611671;"530971";1
246;"2024-11-16 15:05:23";"Transferencia";18213002;"890580";0
247;"2023-03-04 01:38:37";"Credito";68077160;"471283";1
248;"2023-03-22 08:18:09";"Transferencia";81829099;"909153";1
249;"2023-06-07 09:49:21";"Debito";79460705;"175952";0
250;"2024-11-20 21:29:18";"Credito";84771759;"836974";1
251;"2023-01-09 11:05:00";"Billetera Virtual";14589726;"761225";1
252;"2023-02-20 14:57:44";"Credito";71719511;"817131";1
253;"2023-03-15 00:55:51";"Debito";25873362;"322523";0
254;"2024-10-09 10:30:09";"Debito";41215288;"115929";1
255;"2023-03-19 10:28:37";"Efectivo";10603969;"588779";0
256;"2023-06-06 13:40:56";"Credito";13943347;"774999";1
257;"2024-12-18 03:31:24";"Efectivo";18490659;"410371";0
258;"2023-02-18 06:41:13";"Billetera Virtual";71253084;"923928";0
259;"2023-04-27 15:45:30";"Debito";30199257;"999929";0
260;"2023-06-04 09:05:12";"Transferencia";52818901;"806524";1
261;"2024-11-16 01:59:12";"Efectivo";60198312;"821772";1
262;"2023-05-18 06:59:41";"Debito";33457504;"523999";0
263;"2023-06-06 20:20:40";"Debito";64926650;"134104";1
264;"2023-01-25 13:38:13";"Credito";74990803;"389318";1
265;"2024-11-08 00:34:26";"Transferencia";87122500;"982492";1
266;"2024-11-19 23:07:37";"Transferencia";16327549;"367660";1
267;"2023-03-07 19:38:45";"Credito";89647534;"547998";0
268;"2024-12-11 11:20:17";"Credito";85325092;"414474";0
269;"2023-01-11 10:28:48";"Efectivo";37642764;"582901";1
270;"2024-10-20 16:00:45";"Efectivo";53148138;"519037";1
271;"2023-03-15 17:16:22";"Credito";21144588;"918811";1
272;"2023-03-01 20:09:52";"Credito";90855012;"841481";1
273;"2023-04-09 10:55:13";"Billetera Virtual";19596856;"752873";0
274;"2023-01-17 05:30:05";"Debito";31761780;"599906";1
275;"2024-10-27 02:36:56";"Efectivo";54560993;"324707";1
276;"2023-05-01 05:57:52";"Efectivo";86959523;"635972";1
277;"2024-10-25 11:40:45";"Efectivo";45436296;"636109";1
278;"2023-06-02 00:54:42";"Billetera Virtual";27528905;"621677";1
279;"2023-02-14 10:11:29";"Billetera Virtual";48142080;"181757";0
280;"2023-01-15 22:04:02";"Debito";61523824;"668602";1
281;"2024-10-18 19:23:26";"Transferencia";35003349;"689993";1
282;"2023-03-12 17:18:38";"Credito";73814517;"278163";0
283;"2023-02-06 14:53:53";"Transferencia";75192003;"244857";0
284;"2023-04-29 07:01:27";"Debito";80412412;"560771";1
285;"2023-02-11 21:26:24";"Credito";11079960;"643717";1
286;"2024-12-05 03:21:43";"Credito";80799967;"263192";1
287;"2024-10-25 02:47:10";"Credito";23170986;"182161";0
288;"2024-12-08 02:14:40";"Efectivo";79226212;"143325";0
289;"2023-01-08 13:08:41";"Efectivo";36751804;"447977";0
290;"2023-02-25 03:35:33";"Efectivo";32570310;"105404";1
291;"2023-02-24 03:24:35";"Credito";65643965;"950461";1
292;"2023-05-16 10:05:37";"Efectivo";20062102;"979445";0
293;"2024-11-17 14:23:09";"Transferencia";21440470;"592279";1
294;"2023-05-22 20:24:17";"Debito";42230920;"257548";0
295;"2024-12-21 03:32:31";"Efectivo";20052459;"625968";1
296;"2023-02-22 15:12:20";"Transferencia";89719170;"444307";1
297;"2024-10-29 09:28:22";"Debito";84931288;"229173";0
298;"2024-10-31 13:00:38";"Billetera Virtual";64849005;"107274";1
299;"2023-04-28 07:30:49";"Transferencia";44321257;"498386";0
300;"2023-02-25 00:29:47";"Debito";69377223;"566699";1
301;"2024-10-23 21:40:52";"Efectivo";31134978;"878294";0
302;"2024-10-21 06:54:54";"Transferencia";60360637;"262925";0
303;"2023-04-17 01:11:04";"Efectivo";20228710;"573578";0
304;"2023-02-09 06:05:05";"Debito";82631058;"221224";1
305;"2023-05-18 21:00:12";"Billetera Virtual";30273922;"217138";1
306;"2024-11-13 22:24:36";"Debito";37582813;"101283";1
307;"2023-01-13 05:29:58";"Credito";90097655;"960884";0
308;"2024-12-27 11:27:54";"Efectivo";29932717;"490990";1
309;"2024-12-07 14:42:47";"Billetera Virtual";29741161;"983537";0
310;"2024-10-20 18:09:07";"Billetera Virtual";41150912;"364151";1
311;"2024-12-06 21:07:59";"Efectivo";89299859;"482072";0
312;"2023-02-02 08:36:08";"Efectivo";52467275;"804184";1
313;"2023-01-28 23:23:57";"Debito";92730312;"802693";0
314;"2023-03-20 02:03:00";"Credito";85196275;"956559";1
315;"2024-12-25 08:57:18";"Efectivo";84628638;"224081";0
316;"2024-10-13 14:41:30";"Efectivo";44530216;"437312";0
317;"2024-12-08 16:26:51";"Debito";77268910;"490744";0
318;"2024-12-30 10:48:52";"Efectivo";56282315;"674769";0
319;"2023-04-25 11:39:57";"Efectivo";65980954;"753320";0
320;"2023-04-17 09:32:28";"Credito";71715813;"283756";0
321;"2023-03-24 19:04:33";"Efectivo";11489420;"697394";1
322;"2023-03-15 09:26:45";"Debito";69312265;"632468";0
323;"2023-05-19 23:51:09";"Efectivo";94847000;"556814";1
324;"2023-03-10 01:15:04";"Transferencia";32353994;"603516";1
325;"2024-12-25 03:56:49";"Efectivo";38651134;"817617";1
326;"2023-01-18 10:53:42";"Credito";91777212;"116354";1
327;"2024-10-25 14:34:56";"Efectivo";16224051;"328843";0
328;"2024-12-11 13:06:43";"Efectivo";36508447;"286341";0
329;"2023-04-28 15:52:05";"Billetera Virtual";34611302;"464929";1
330;"2023-05-03 01:40:57";"Transferencia";79075397;"177318";0
331;"2023-01-31 17:19:05";"Transferencia";93057897;"117102";1
332;"2023-01-15 08:43:50";"Credito";10825579;"131107";1
333;"2023-03-17 19:10:00";"Billetera Virtual";83964257;"180923";0
334;"2023-01-05 00:54:52";"Billetera Virtual";97577237;"911394";1
335;"2023-04-18 14:57:02";"Debito";92655982;"913826";0
336;"2023-02-19 18:43:22";"Transferencia";39053444;"966246";1
337;"2024-10-14 03:59:50";"Debito";92084253;"238099";0
338;"2023-02-07 17:45:54";"Efectivo";79114431;"877392";0
339;"2024-12-02 07:40:15";"Credito";59502113;"481380";0
340;"2024-10-08 11:34:39";"Transferencia";64121971;"469757";0
341;"2024-12-21 04:09:56";"Transferencia";20285168;"909441";1
342;"2023-05-05 23:57:02";"Efectivo";49335895;"736351";0
343;"2023-04-14 00:48:36";"Efectivo";68358683;"672887";1
344;"2024-11-30 09:08:41";"Efectivo";16478694;"824783";0
345;"2023-04-16 02:05:53";"Efectivo";45942755;"257227";0
346;"2023-04-25 01:03:44";"Credito";93954865;"394281";1
347;"2023-02-15 05:25:01";"Transferencia";52542289;"871074";0
348;"2023-02-21 22:51:47";"Debito";99401457;"933619";0
349;"2023-02-28 22:04:16";"Efectivo";60693961;"639289";0
350;"2023-04-24 07:27:34";"Transferencia";71381862;"647156";0
351;"2023-02-23 15:18:27";"Transferencia";83271313;"348849";0
352;"2023-05-26 18:36:47";"Billetera Virtual";55794215;"969146";0
353;"2024-12-17 09:51:44";"Billetera Virtual";28599441;"582530";1
354;"2024-11-23 12:33:36";"Debito";75255882;"277733";1
355;"2023-02-11 22:43:22";"Efectivo";96060838;"525901";1
356;"2023-01-16 02:52:48";"Credito";75454424;"187902";0
357;"2023-03-27 20:39:06";"Debito";12498035;"426540";0
358;"2023-01-18 11:26:00";"Transferencia";50635048;"826754";0
359;"2023-05-16 13:57:57";"Efectivo";21288619;"955994";1
360;"2024-12-17 09:29:04";"Billetera Virtual";13924480;"754040";0
361;"2023-05-24 05:06:56";"Credito";59893438;"378638";0
362;"2023-04-12 19:18:29";"Billetera Virtual";71665435;"221803";1
363;"2023-05-25 09:30:40";"Debito";14135169;"302592";1
364;"2023-04-21 07:05:06";"Billetera Virtual";48777463;"244561";0
365;"2023-03-25 10:00:23";"Billetera Virtual";38607473;"950195";0
366;"2023-02-22 08:49:32";"Credito";55508613;"482589";0
367;"2024-11-27 04:09:17";"Efectivo";69986394;"787452";1
368;"2024-10-21 07:04:10";"Transferencia";72503758;"324918";0
369;"2024-11-19 21:47:29";"Credito";38207070;"294004";0
370;"2023-03-20 22:24:46";"Debito";35788571;"824139";1
371;"2023-02-22 11:28:58";"Efectivo";68883906;"153465";0
372;"2024-12-04 00:37:32";"Debito";70520707;"638467";1
373;"2023-04-10 15:36:06";"Credito";22153307;"434807";0
374;"2024-12-14 18:13:50";"Transferencia";57919910;"340885";0
375;"2023-02-07 05:44:06";"Debito";53798045;"448991";0
376;"2024-12-23 18:54:26";"Transferencia";78689057;"712165";1
377;"2024-12-15 13:11:48";"Credito";27400088;"654458";1
378;"2024-10-31 01:32:03";"Transferencia";56805722;"730025";1
379;"2023-02-03 21:47:52";"Efectivo";88830475;"163708";1
380;"2023-01-05 14:54:39";"Billetera Virtual";89439912;"931783";0
381;"2024-12-27 12:45:20";"Transferencia";14495567;"684833";1
382;"2024-12-04 23:16:51";"Billetera Virtual";74718043;"730033";1
383;"2023-04-27 17:36:14";"Billetera Virtual";99240067;"826419";1
384;"2023-05-21 05:48:42";"Efectivo";56246254;"630431";1
385;"2023-01-04 16:29:24";"Credito";45369535;"789568";0
386;"2023-02-07 01:15:55";"Billetera Virtual";90768757;"712652";0
387;"2024-12-06 22:31:33";"Billetera Virtual";59806249;"849387";1
388;"2023-01-28 14:56:48";"Transferencia";51974799;"861015";1
389;"2023-02-23 00:18:20";"Transferencia";88904354;"548767";1
390;"2023-05-24 04:44:20";"Billetera Virtual";23544653;"319981";1
391;"2023-04-05 11:48:22";"Credito";52007891;"181654";0
392;"2023-05-25 07:30:45";"Debito";34933410;"220124";1
393;"2023-04-11 17:13:16";"Credito";57993519;"794256";1
394;"2024-12-24 07:24:28";"Credito";90707097;"833427";1
395;"2023-04-18 08:01:33";"Transferencia";79754597;"785463";1
396;"2024-10-14 09:38:00";"Efectivo";87380301;"884544";1
397;"2024-11-19 11:14:03";"Efectivo";21997057;"177571";0
398;"2023-02-15 21:52:32";"Efectivo";59707538;"317592";1
399;"2023-04-28 16:49:22";"Billetera Virtual";53600584;"233381";1
400;"2023-04-22 19:43:05";"Transferencia";35997890;"317814";0
401;"2024-12-15 21:04:14";"Credito";65903828;"115454";0
402;"2024-11-10 02:07:50";"Transferencia";32681211;"146932";0
403;"2023-04-26 10:39:52";"Debito";38172263;"865831";0
404;"2023-02-05 12:51:05";"Billetera Virtual";66162304;"325708";1
405;"2024-12-07 13:44:25";"Transferencia";20051552;"754144";0
406;"2023-04-04 07:49:19";"Billetera Virtual";63192652;"582628";1
407;"2024-12-21 18:33:20";"Transferencia";86060893;"196371";0
408;"2024-12-02 07:32:57";"Billetera Virtual";37984695;"764478";1
409;"2023-04-18 07:58:50";"Transferencia";64488089;"789953";1
410;"2024-11-17 10:37:08";"Efectivo";13998076;"361645";1
411;"2023-03-03 04:46:35";"Billetera Virtual";88401009;"882550";1
412;"2023-02-27 03:31:59";"Transferencia";81351237;"768542";1
413;"2024-10-20 16:52:26";"Debito";94889056;"311780";1
414;"2023-04-07 18:44:18";"Efectivo";65007748;"887161";0
415;"2023-04-03 23:08:13";"Debito";14950941;"770797";0
416;"2023-03-05 09:34:02";"Efectivo";98178653;"658922";0
417;"2024-12-28 12:27:29";"Transferencia";95153803;"200911";1
418;"2023-01-24 20:51:42";"Efectivo";52347397;"796531";1
419;"2023-04-14 13:57:11";"Credito";27446275;"964028";0
420;"2023-06-02 18:19:22";"Credito";19312132;"999573";0
421;"2023-01-11 15:05:13";"Transferencia";16807428;"830385";0
422;"2023-05-13 06:15:28";"Credito";97084250;"629658";0
423;"2024-11-01 22:12:06";"Efectivo";83493541;"213800";1
424;"2024-11-26 07:42:44";"Billetera Virtual";68511262;"126529";1
425;"2023-02-28 18:41:06";"Credito";70610007;"271573";0
426;"2023-03-28 10:31:30";"Efectivo";42690186;"982503";1
427;"2024-12-01 22:08:10";"Billetera Virtual";61786849;"303619";0
428;"2023-02-19 13:20:04";"Credito";47151089;"378941";1
429;"2024-11-26 03:16:29";"Debito";94776699;"890622";1
430;"2023-03-25 01:02:03";"Efectivo";96158340;"614122";1
431;"2024-12-05 19:57:22";"Transferencia";99484656;"614607";1
432;"2024-11-17 10:20:19";"Billetera Virtual";73005027;"731928";0
433;"2024-12-19 21:53:15";"Debito";34989690;"739045";1
434;"2023-04-20 18:31:40";"Credito";29258061;"966357";1
435;"2023-02-12 13:34:26";"Transferencia";79951301;"667074";1
436;"2023-05-16 19:01:36";"Billetera Virtual";93029411;"604594";1
437;"2024-12-15 22:07:28";"Billetera Virtual";10474504;"422687";0
438;"2023-01-07 02:43:54";"Credito";14906875;"221231";0
439;"2023-05-18 20:38:53";"Efectivo";85755444;"491514";1
440;"2024-12-02 09:30:51";"Transferencia";20448968;"984939";1
441;"2023-05-13 02:00:11";"Billetera Virtual";99243506;"944915";0
442;"2023-04-02 19:41:00";"Billetera Virtual";83541486;"427187";0
443;"2024-10-11 20:44:59";"Credito";73944139;"556716";1
444;"2024-11-13 00:42:28";"Efectivo";33943237;"314659";0
445;"2023-05-29 20:35:23";"Billetera Virtual";35446298;"574209";1
446;"2024-12-19 09:18:09";"Billetera Virtual";29601160;"329854";1
447;"2023-01-15 22:50:48";"Transferencia";87920545;"351869";0
448;"2023-01-22 02:04:58";"Billetera Virtual";85606083;"523310";0
449;"2023-02-20 09:38:26";"Transferencia";91793859;"673280";0
450;"2023-05-30 02:18:18";"Billetera Virtual";71015624;"654128";0
451;"2024-10-14 09:11:45";"Transferencia";48126495;"598231";0
452;"2023-05-27 13:26:53";"Efectivo";43053638;"259657";0
453;"2024-11-28 01:10:36";"Credito";99867851;"363162";0
454;"2024-10-21 23:01:41";"Credito";39581947;"267109";0
455;"2023-03-06 12:58:38";"Debito";54337984;"443745";0
456;"2023-01-17 08:51:58";"Billetera Virtual";83633894;"178888";0
457;"2023-05-05 10:35:36";"Efectivo";66412973;"219380";0
458;"2023-03-05 12:13:02";"Transferencia";81430199;"857527";1
459;"2024-11-23 03:47:57";"Credito";64669448;"898485";0
460;"2024-12-14 21:36:10";"Debito";25879855;"531887";0
461;"2023-04-29 23:27:52";"Billetera Virtual";81036947;"474813";0
462;"2023-01-18 15:14:30";"Efectivo";99613890;"252555";0
463;"2024-11-24 16:41:58";"Billetera Virtual";76595564;"331325";0
464;"2023-02-13 22:15:28";"Billetera Virtual";44221817;"731157";1
465;"2023-04-29 23:54:20";"Transferencia";44516639;"384302";1
466;"2024-12-17 15:02:04";"Credito";19067948;"881324";1
467;"2023-04-25 01:47:54";"Credito";82798038;"941882";1
468;"2023-02-09 05:25:36";"Efectivo";19080050;"894385";1
469;"2024-10-24 05:00:15";"Transferencia";52078325;"195683";0
470;"2024-11-15 00:21:41";"Transferencia";79642191;"495647";1
471;"2024-11-17 09:05:42";"Debito";50196129;"906108";1
472;"2023-02-11 21:53:04";"Efectivo";53688976;"428870";1
473;"2024-12-03 21:33:03";"Transferencia";91068744;"357856";1
474;"2023-05-17 23:37:03";"Credito";67822713;"584964";1
475;"2023-01-10 17:13:28";"Debito";19692294;"610209";1
476;"2023-04-24 08:09:33";"Billetera Virtual";21997152;"935522";1
477;"2024-10-08 20:35:10";"Billetera Virtual";21467318;"864072";0
478;"2023-04-15 14:56:16";"Credito";67317964;"845793";0
479;"2023-03-25 00:44:10";"Efectivo";33665705;"691446";0
480;"2023-04-24 19:01:50";"Billetera Virtual";85983433;"432246";1
481;"2023-05-24 16:05:27";"Transferencia";52881001;"616626";0
482;"2023-04-10 13:22:10";"Transferencia";80355727;"998473";1
483;"2023-02-20 08:47:09";"Credito";34214144;"106076";0
484;"2023-01-19 06:57:40";"Debito";89041653;"256742";1
485;"2023-02-28 18:53:03";"Debito";76596759;"213345";0
486;"2023-03-26 19:07:20";"Transferencia";70848986;"738233";0
487;"2023-04-03 07:25:58";"Credito";64558410;"130153";1
488;"2023-04-29 06:16:22";"Debito";13362601;"967833";0
489;"2024-11-23 01:05:35";"Billetera Virtual";76551366;"164290";0
490;"2023-05-07 14:25:21";"Transferencia";74755275;"910468";1
491;"2023-03-19 12:22:55";"Debito";25582305;"673948";0
492;"2023-02-06 22:50:24";"Debito";69200456;"794196";0
493;"2023-04-29 15:58:48";"Credito";81610733;"365520";0
494;"2024-12-25 13:01:47";"Billetera Virtual";90189385;"622372";1
495;"2023-03-17 05:17:35";"Credito";26094445;"717174";0
496;"2023-03-09 07:25:55";"Efectivo";22292091;"631830";0
497;"2023-05-22 10:06:03";"Billetera Virtual";31440108;"858784";0
498;"2024-10-27 06:23:04";"Transferencia";35713262;"956608";0
499;"2024-10-26 08:53:49";"Credito";89075977;"766995";0
500;"2023-04-20 12:16:55";"Debito";75996922;"863409";1
501;"2023-02-27 04:05:59";"Efectivo";88631854;"295328";1
502;"2024-11-29 08:22:27";"Efectivo";31296008;"899517";0
503;"2023-05-12 01:58:21";"Billetera Virtual";29453626;"133878";0
504;"2024-10-19 18:23:22";"Billetera Virtual";96088162;"356832";1
505;"2023-02-10 19:08:43";"Debito";70866611;"418525";1
506;"2023-02-22 19:01:57";"Transferencia";34934286;"710400";1
507;"2023-05-11 13:11:41";"Credito";44792580;"147491";1
508;"2024-10-16 07:09:19";"Credito";93382185;"928533";0
509;"2023-03-17 12:17:35";"Debito";39256442;"558715";1
510;"2023-05-17 14:40:35";"Credito";54370290;"125773";1
511;"2023-03-03 14:58:52";"Efectivo";48347703;"791710";0
512;"2023-04-30 11:57:53";"Billetera Virtual";57721839;"940727";0
513;"2023-03-28 16:34:08";"Debito";82723998;"718024";1
514;"2023-03-25 07:20:54";"Transferencia";26029058;"105462";1
515;"2023-05-28 01:39:23";"Transferencia";79381924;"377793";1
516;"2023-03-12 23:43:06";"Billetera Virtual";47962084;"762575";1
517;"2023-01-25 05:27:14";"Debito";44417725;"314747";0
518;"2023-03-02 22:36:30";"Debito";94454199;"693127";0
519;"2024-10-19 16:54:17";"Efectivo";37494023;"648468";0
520;"2024-12-01 01:21:02";"Credito";90136395;"676689";0
521;"2023-05-18 05:20:40";"Credito";37517695;"563874";1
522;"2024-11-29 20:05:59";"Billetera Virtual";35409229;"931490";1
523;"2023-04-03 17:20:38";"Credito";92259708;"379103";1
524;"2024-11-22 16:11:03";"Credito";38628408;"495036";0
525;"2023-02-08 10:54:15";"Credito";84906080;"354608";0
526;"2023-03-30 14:02:10";"Transferencia";86376855;"473403";0
527;"2024-10-14 18:50:22";"Credito";49280047;"588890";1
528;"2023-02-07 18:39:25";"Transferencia";85789200;"752524";1
529;"2023-04-27 09:12:42";"Credito";79246698;"740600";1
530;"2023-01-27 08:16:07";"Debito";63097573;"841645";0
531;"2023-03-20 02:14:51";"Debito";16533826;"703433";1
532;"2024-11-09 01:02:22";"Billetera Virtual";99366827;"194193";0
533;"2023-02-14 16:38:25";"Transferencia";23223808;"796079";0
534;"2024-12-20 02:11:39";"Billetera Virtual";12128805;"332008";1
535;"2023-03-06 03:01:58";"Credito";88465230;"695168";1
536;"2024-11-06 23:44:47";"Efectivo";82683067;"422868";0
537;"2023-04-15 06:35:55";"Efectivo";36969345;"131738";0
538;"2023-06-06 22:25:52";"Transferencia";49596187;"748949";1
539;"2023-03-08 23:09:27";"Billetera Virtual";77084715;"591155";0
540;"2023-05-03 02:46:23";"Credito";38843283;"429903";0
541;"2024-12-12 16:54:24";"Credito";73291498;"404099";1
542;"2023-01-29 17:09:24";"Credito";17295903;"704651";0
543;"2023-05-17 21:41:17";"Billetera Virtual";10513053;"470503";1
544;"2023-01-27 03:52:45";"Efectivo";65923387;"869529";0
545;"2023-02-06 14:45:07";"Billetera Virtual";39676214;"214855";0
546;"2023-03-30 17:21:09";"Credito";87951839;"699314";0
547;"2024-11-19 20:53:34";"Efectivo";39359201;"716114";0
548;"2024-10-08 18:22:23";"Billetera Virtual";44872626;"769707";1
549;"2023-02-03 01:30:14";"Efectivo";25351390;"217826";0
550;"2023-05-16 07:20:09";"Billetera Virtual";42402212;"316188";1
551;"2023-03-24 09:00:36";"Credito";30503859;"833818";0
552;"2023-02-09 03:09:58";"Transferencia";28056265;"138185";1
553;"2023-03-19 06:16:09";"Credito";19940628;"454449";0
554;"2023-03-02 11:17:15";"Debito";77978929;"404109";0
555;"2023-01-06 07:46:26";"Efectivo";28987104;"196071";1
556;"2023-01-30 00:23:09";"Debito";15443782;"593062";1
557;"2023-01-31 01:10:29";"Credito";18853070;"998408";0
558;"2023-03-09 15:11:58";"Billetera Virtual";81746198;"237477";0
559;"2023-02-07 08:22:48";"Debito";43008364;"977164";0
560;"2023-02-03 08:14:45";"Debito";30520397;"404805";0
561;"2023-03-14 16:40:23";"Efectivo";15342612;"284994";0
562;"2024-10-24 06:18:10";"Transferencia";24124151;"320152";1
563;"2023-05-24 20:14:15";"Transferencia";91764639;"443207";0
564;"2024-12-31 18:29:58";"Billetera Virtual";45426815;"964849";1
565;"2024-10-18 06:58:49";"Efectivo";19485033;"114572";0
566;"2023-04-15 05:11:23";"Billetera Virtual";38712557;"806752";0
567;"2023-02-28 09:40:01";"Credito";87377443;"935093";1
568;"2023-02-13 07:55:01";"Transferencia";17269788;"707428";0
569;"2023-03-12 21:20:09";"Debito";89857533;"634355";1
570;"2023-02-14 10:37:47";"Efectivo";42259609;"468385";1
571;"2023-02-07 03:51:06";"Debito";41768211;"868352";0
572;"2023-02-02 14:11:35";"Efectivo";24340612;"606160";0
573;"2024-12-22 17:10:03";"Billetera Virtual";56136728;"104877";1
574;"2023-03-22 04:51:39";"Billetera Virtual";78670649;"517007";1
575;"2023-06-06 21:51:44";"Transferencia";13338262;"720347";0
576;"2023-05-10 12:45:24";"Debito";51313355;"729398";1
577;"2023-03-03 21:03:34";"Billetera Virtual";92993237;"916122";0
578;"2024-12-08 21:19:02";"Efectivo";39577591;"841936";0
579;"2023-05-15 13:33:39";"Transferencia";16347814;"895476";0
580;"2023-03-02 23:00:01";"Credito";35461908;"402152";0
581;"2023-04-11 22:22:46";"Credito";74829108;"419681";1
582;"2024-11-02 00:58:57";"Debito";39738389;"892524";0
583;"2023-03-06 14:30:44";"Debito";80589157;"148337";1
584;"2023-01-29 17:48:05";"Debito";49284095;"506037";1
585;"2023-05-09 22:43:16";"Debito";45020343;"785586";1
586;"2024-12-23 09:57:09";"Transferencia";93671620;"904504";0
587;"2023-01-10 13:46:58";"Billetera Virtual";28521677;"510031";0
588;"2024-10-26 08:20:16";"Efectivo";25590889;"293487";0
589;"2024-11-01 11:49:17";"Efectivo";91294007;"356068";1
590;"2023-02-06 22:29:10";"Billetera Virtual";58133538;"119994";0
591;"2023-02-16 11:18:32";"Transferencia";51940267;"437104";0
592;"2023-05-12 23:47:22";"Transferencia";21521378;"998713";1
593;"2023-01-18 10:15:24";"Billetera Virtual";47010612;"310306";0
594;"2024-10-11 12:09:44";"Debito";61374904;"491954";0
595;"2023-05-09 09:42:20";"Transferencia";69139425;"693967";1
596;"2024-10-20 15:43:14";"Efectivo";46614709;"107752";1
597;"2023-05-18 10:17:22";"Efectivo";50024689;"785300";1
598;"2023-04-03 01:03:42";"Credito";13653635;"323920";0
599;"2024-12-26 13:30:42";"Debito";52027759;"436370";1
600;"2023-02-26 00:43:38";"Billetera Virtual";10765127;"280798";1
601;"2023-04-19 12:02:28";"Transferencia";31457173;"577462";1
602;"2023-04-15 21:20:18";"Billetera Virtual";19347148;"757298";0
603;"2023-01-15 20:33:16";"Transferencia";45547271;"284970";0
604;"2024-11-11 10:38:20";"Billetera Virtual";56225585;"742558";0
605;"2023-06-03 20:26:27";"Billetera Virtual";34754922;"801113";0
606;"2024-10-22 18:57:16";"Transferencia";24010922;"697805";0
607;"2024-12-09 21:00:10";"Credito";72954152;"475744";0
608;"2024-11-11 15:40:37";"Efectivo";69105700;"190862";1
609;"2024-12-27 18:15:51";"Transferencia";14484577;"826099";1
610;"2023-05-11 10:23:47";"Transferencia";65862283;"399676";0
611;"2023-04-21 20:11:49";"Efectivo";64450270;"716583";0
612;"2023-01-29 09:53:00";"Debito";20268046;"354891";1
613;"2024-11-11 01:01:17";"Transferencia";16759337;"430125";1
614;"2024-11-04 03:51:50";"Credito";43954364;"937979";0
615;"2023-03-27 23:45:22";"Transferencia";80615019;"358333";1
616;"2023-06-01 02:39:29";"Debito";99886821;"333291";0
617;"2023-05-05 03:18:56";"Transferencia";76197783;"451388";0
618;"2023-03-09 10:26:10";"Debito";94280649;"975671";1
619;"2023-02-12 04:55:35";"Billetera Virtual";48634934;"602122";0
620;"2023-05-12 11:39:21";"Efectivo";94929641;"400190";1
621;"2023-02-12 07:43:25";"Credito";86604025;"285477";1
622;"2024-11-25 07:05:31";"Transferencia";64359320;"351994";1
623;"2024-11-28 04:42:15";"Efectivo";49385526;"114537";0
624;"2023-05-10 04:32:29";"Billetera Virtual";64620354;"406419";0
625;"2024-11-01 06:15:59";"Transferencia";32129211;"633958";0
626;"2023-03-21 10:35:16";"Billetera Virtual";66680160;"100539";0
627;"2024-11-03 13:54:01";"Credito";72439735;"681304";1
628;"2023-03-28 03:02:27";"Credito";22436083;"471029";0
629;"2024-10-17 15:27:50";"Credito";66214637;"257098";0
630;"2023-05-12 09:04:01";"Billetera Virtual";60874196;"725446";0
631;"2023-05-23 00:06:24";"Efectivo";73000250;"701948";1
632;"2023-04-23 15:58:19";"Debito";54022289;"766279";1
633;"2024-10-30 02:30:30";"Credito";52224460;"273440";1
634;"2024-12-24 18:12:37";"Efectivo";22591166;"821969";1
635;"2024-11-16 12:24:43";"Transferencia";12450437;"430520";0
636;"2024-10-10 23:34:48";"Credito";64260818;"438140";1
637;"2023-04-24 15:04:45";"Billetera Virtual";34988337;"904870";1
638;"2023-04-02 04:54:41";"Transferencia";75135337;"136952";0
639;"2024-10-26 20:41:57";"Credito";11398454;"842246";0
640;"2023-03-30 11:56:34";"Billetera Virtual";57049290;"734448";1
641;"2023-04-30 15:14:13";"Efectivo";44327000;"673678";1
642;"2023-05-16 23:56:17";"Debito";36810979;"408250";0
643;"2023-02-10 11:24:38";"Debito";13612803;"649160";0
644;"2023-01-03 00:48:38";"Debito";20311883;"783299";1
645;"2023-05-14 00:16:51";"Credito";84385124;"970504";0
646;"2023-01-05 04:43:50";"Debito";57187470;"176001";1
647;"2024-12-05 05:32:43";"Debito";32294132;"880969";0
648;"2024-10-19 09:05:26";"Efectivo";91682797;"574626";1
649;"2024-11-13 22:24:32";"Billetera Virtual";42844501;"372766";1
650;"2023-05-22 10:58:54";"Credito";48022033;"148809";0
651;"2023-03-13 03:14:21";"Efectivo";11166859;"989604";1
652;"2023-06-02 23:00:38";"Efectivo";31725297;"977894";0
653;"2024-12-02 21:24:23";"Efectivo";59664447;"609959";0
654;"2023-05-08 13:41:03";"Transferencia";91330006;"242424";1
655;"2023-02-20 09:07:15";"Efectivo";48230553;"318131";1
656;"2024-12-03 11:12:01";"Debito";32603673;"526326";0
657;"2023-03-19 04:54:13";"Transferencia";30606198;"264678";1
658;"2023-05-29 09:15:31";"Transferencia";21025557;"781340";1
659;"2023-02-05 18:27:55";"Credito";38158651;"816757";0
660;"2023-05-19 11:44:54";"Billetera Virtual";29735594;"717843";0
661;"2024-11-16 08:15:47";"Transferencia";49676073;"365573";0
662;"2024-11-05 19:58:12";"Efectivo";88546576;"117888";1
663;"2024-10-14 15:06:14";"Efectivo";48125386;"713900";1
664;"2024-11-04 12:34:51";"Transferencia";88585237;"805393";0
665;"2024-12-19 21:53:48";"Transferencia";39711263;"825484";1
666;"2023-01-11 11:08:13";"Transferencia";34959114;"325854";1
667;"2024-12-31 01:58:04";"Transferencia";21611713;"992954";0
668;"2023-01-08 21:37:34";"Transferencia";65125981;"610839";1
669;"2023-01-29 17:22:35";"Credito";52584627;"103428";1
670;"2023-02-22 20:24:38";"Transferencia";62414730;"653378";0
671;"2023-05-07 08:51:39";"Transferencia";92725817;"121675";0
672;"2024-11-21 03:43:50";"Credito";66068317;"232930";1
673;"2023-01-25 02:49:58";"Efectivo";14180322;"320143";0
674;"2024-11-25 07:17:04";"Credito";86581857;"201847";0
675;"2024-12-05 12:34:03";"Transferencia";89257418;"764762";0
676;"2023-02-04 09:51:08";"Billetera Virtual";70573301;"318583";0
677;"2023-02-24 18:52:46";"Efectivo";14252328;"857109";0
678;"2024-11-01 15:19:47";"Efectivo";14591013;"950445";1
679;"2023-03-06 13:10:04";"Efectivo";45219102;"191621";0
680;"2024-10-20 10:09:44";"Billetera Virtual";28182956;"413597";0
681;"2023-02-07 09:43:39";"Efectivo";59052067;"715806";0
682;"2024-11-04 17:23:18";"Transferencia";42608781;"685547";0
683;"2023-03-01 21:06:21";"Transferencia";60816136;"269622";0
684;"2023-03-21 15:42:59";"Billetera Virtual";29393737;"411775";1
685;"2023-03-25 07:07:34";"Credito";12034171;"936485";1
686;"2024-10-25 06:38:39";"Billetera Virtual";22131187;"447736";1
687;"2024-12-25 15:33:54";"Billetera Virtual";46257963;"136595";1
688;"2024-12-07 06:12:19";"Billetera Virtual";33154542;"194167";1
689;"2023-05-12 23:39:20";"Credito";60397469;"830617";0
690;"2023-05-14 01:46:03";"Debito";34740181;"732838";1
691;"2023-01-15 14:38:20";"Credito";54194799;"744776";0
692;"2023-01-09 19:13:47";"Debito";95903814;"648984";1
693;"2023-03-08 03:05:42";"Billetera Virtual";65134337;"133333";1
694;"2023-05-22 16:28:25";"Credito";29727300;"987424";0
695;"2023-02-07 19:45:39";"Debito";81540673;"504085";1
696;"2023-02-21 03:26:17";"Credito";51920333;"643090";1
697;"2023-04-04 16:11:05";"Transferencia";58303482;"706741";1
698;"2023-04-01 20:35:30";"Credito";53440840;"275904";1
699;"2024-12-01 17:51:13";"Billetera Virtual";66958667;"322778";1
700;"2024-11-26 04:28:45";"Billetera Virtual";77802378;"612850";1
701;"2024-12-07 12:41:21";"Efectivo";49222077;"592861";1
702;"2023-03-31 07:30:14";"Debito";57761083;"265860";1
703;"2024-11-05 15:16:42";"Billetera Virtual";40849716;"371647";0
704;"2023-03-28 21:48:57";"Efectivo";38398462;"784584";0
705;"2024-10-14 03:07:08";"Efectivo";82169374;"890052";0
706;"2024-11-23 12:37:16";"Efectivo";29275924;"584346";1
707;"2023-03-31 17:02:51";"Credito";25511741;"911961";1
708;"2023-01-25 21:20:19";"Credito";64116052;"817923";1
709;"2024-11-09 16:57:04";"Billetera Virtual";62964585;"295820";1
710;"2023-03-25 10:39:58";"Efectivo";25130361;"544164";1
711;"2024-10-11 10:11:45";"Credito";21755685;"440472";0
712;"2023-05-30 06:45:26";"Credito";30537397;"981883";1
713;"2023-06-02 23:20:44";"Debito";40884458;"665244";1
714;"2023-02-13 20:23:07";"Transferencia";22138186;"154337";1
715;"2023-05-03 21:17:54";"Credito";67143637;"223213";0
716;"2024-11-21 01:31:53";"Credito";11238409;"461757";1
717;"2024-11-10 00:34:18";"Credito";69452895;"935733";0
718;"2024-11-15 10:53:25";"Credito";78686736;"137667";0
719;"2024-10-27 00:13:13";"Transferencia";18845261;"505440";0
720;"2023-02-01 06:27:11";"Credito";98220619;"687658";0
721;"2023-04-05 06:51:44";"Debito";62690265;"947761";0
722;"2023-02-22 11:12:06";"Billetera Virtual";68573402;"795405";0
723;"2024-11-21 13:13:50";"Efectivo";71097509;"547025";1
724;"2023-06-01 11:34:49";"Efectivo";79131508;"651391";1
725;"2023-02-24 18:55:42";"Transferencia";30483767;"765288";1
726;"2024-12-04 05:50:38";"Credito";97983751;"917207";0
727;"2024-12-19 20:01:21";"Transferencia";70903456;"940772";1
728;"2024-12-01 03:27:56";"Billetera Virtual";34973301;"135069";0
729;"2023-05-12 10:22:32";"Debito";48184043;"667736";1
730;"2023-01-29 14:16:51";"Efectivo";38201425;"976492";1
731;"2024-12-29 17:11:47";"Debito";79937942;"289627";0
732;"2023-04-12 21:13:16";"Transferencia";36649122;"311098";0
733;"2023-03-21 00:27:38";"Debito";85017802;"272043";1
734;"2023-03-30 17:40:38";"Debito";31087386;"474535";0
735;"2023-04-23 23:56:40";"Efectivo";49172161;"899411";1
736;"2024-11-24 14:20:06";"Efectivo";27813078;"242929";1
737;"2023-01-10 01:17:54";"Billetera Virtual";98445860;"998701";0
738;"2024-12-18 00:29:24";"Efectivo";82596357;"392258";1
739;"2024-10-10 21:02:08";"Credito";51857990;"897149";1
740;"2024-10-19 13:47:07";"Credito";57021719;"952688";1
741;"2023-02-13 10:33:37";"Debito";98026469;"226068";1
742;"2024-11-01 10:20:20";"Transferencia";27348315;"682019";1
743;"2023-01-03 12:56:11";"Debito";89715979;"155864";1
744;"2023-03-03 11:32:25";"Debito";26751915;"433779";0
745;"2023-05-12 02:44:34";"Transferencia";38611671;"121750";0
746;"2023-05-19 07:42:48";"Efectivo";18213002;"791548";1
747;"2023-02-12 10:32:49";"Billetera Virtual";68077160;"680424";1
748;"2023-06-05 22:12:16";"Debito";81829099;"262854";1
749;"2024-10-17 07:20:49";"Transferencia";79460705;"280488";1
750;"2024-10-13 05:29:24";"Debito";84771759;"767610";0
751;"2023-05-16 21:02:16";"Transferencia";14589726;"265639";0
752;"2024-11-17 21:23:23";"Efectivo";71719511;"160233";1
753;"2023-03-23 19:55:18";"Credito";25873362;"711234";1
754;"2023-05-15 19:06:04";"Credito";41215288;"994291";0
755;"2024-11-02 02:47:17";"Debito";10603969;"195764";1
756;"2023-04-07 20:59:31";"Debito";13943347;"310435";1
757;"2023-03-13 23:38:25";"Debito";18490659;"901278";0
758;"2023-02-09 22:01:54";"Credito";71253084;"942670";0
759;"2023-03-20 20:59:22";"Credito";30199257;"109866";1
760;"2023-06-03 12:48:27";"Debito";52818901;"986496";1
761;"2023-06-06 04:39:46";"Debito";60198312;"336004";0
762;"2023-06-04 11:34:55";"Billetera Virtual";33457504;"621191";0
763;"2023-04-17 05:38:04";"Transferencia";64926650;"584599";1
764;"2024-11-22 01:09:47";"Billetera Virtual";74990803;"872590";1
765;"2023-01-31 13:17:40";"Credito";87122500;"975203";1
766;"2023-01-15 07:47:56";"Debito";16327549;"507025";0
767;"2024-12-29 15:46:21";"Billetera Virtual";89647534;"426240";0
768;"2023-05-10 08:53:21";"Debito";85325092;"728140";0
769;"2024-11-14 13:49:03";"Billetera Virtual";37642764;"752393";1
770;"2023-04-15 18:29:22";"Credito";53148138;"794022";1
771;"2024-11-02 15:36:27";"Debito";21144588;"334417";0
772;"2023-04-20 11:37:56";"Debito";90855012;"650278";1
773;"2023-04-27 16:25:08";"Debito";19596856;"996406";0
774;"2023-03-26 05:23:12";"Credito";31761780;"401462";1
775;"2023-03-02 10:32:22";"Efectivo";54560993;"435727";1
776;"2023-03-26 00:05:00";"Credito";86959523;"584445";1
777;"2024-11-19 01:46:06";"Credito";45436296;"804510";1
778;"2024-12-09 01:24:56";"Debito";27528905;"424306";1
779;"2023-01-14 15:29:07";"Transferencia";48142080;"579481";1
780;"2024-10-08 12:22:32";"Transferencia";61523824;"599612";0
781;"2023-03-04 13:48:29";"Debito";35003349;"535108";1
782;"2024-12-26 00:54:24";"Debito";73814517;"683410";0
783;"2023-05-31 20:13:24";"Debito";75192003;"413429";1
784;"2024-12-30 01:09:33";"Debito";80412412;"201938";0
785;"2023-01-31 02:21:48";"Debito";11079960;"167794";1
786;"2023-01-01 18:56:05";"Debito";80799967;"351720";0
787;"2024-12-03 15:58:25";"Debito";23170986;"925198";1
788;"2023-06-05 11:30:51";"Efectivo";79226212;"303402";1
789;"2023-03-09 01:27:19";"Debito";36751804;"216322";1
790;"2023-05-23 18:12:45";"Efectivo";32570310;"941922";1
791;"2023-05-12 09:57:15";"Billetera Virtual";65643965;"831383";0
792;"2023-04-17 01:49:04";"Transferencia";20062102;"109725";0
793;"2024-12-12 08:51:45";"Efectivo";21440470;"586373";1
794;"2024-11-11 23:09:36";"Credito";42230920;"965962";0
795;"2023-02-11 18:48:37";"Debito";20052459;"325112";0
796;"2024-11-21 19:48:10";"Transferencia";89719170;"541119";0
797;"2024-10-14 14:31:44";"Debito";84931288;"137557";0
798;"2024-12-17 17:39:15";"Transferencia";64849005;"530189";1
799;"2023-01-06 01:38:44";"Billetera Virtual";44321257;"759015";1
800;"2024-11-11 03:28:10";"Efectivo";69377223;"630748";1
801;"2024-11-24 12:35:58";"Efectivo";31134978;"833498";1
802;"2023-04-13 12:48:15";"Debito";60360637;"773247";1
803;"2024-11-25 02:17:38";"Credito";20228710;"828779";1
804;"2023-01-07 01:58:34";"Debito";82631058;"797912";0
805;"2023-01-07 14:10:03";"Debito";30273922;"766828";1
806;"2023-03-09 05:20:17";"Transferencia";37582813;"999395";1
807;"2023-03-11 10:32:45";"Efectivo";90097655;"132672";0
808;"2023-05-05 08:03:36";"Credito";29932717;"994681";1
809;"2024-10-08 17:29:56";"Billetera Virtual";29741161;"577513";1
810;"2023-03-09 00:22:37";"Debito";41150912;"675702";1
811;"2024-11-23 09:40:24";"Credito";89299859;"518687";0
812;"2023-06-06 05:27:50";"Credito";52467275;"830892";1
813;"2023-01-29 11:23:11";"Transferencia";92730312;"336487";0
814;"2023-05-03 16:46:12";"Billetera Virtual";85196275;"191502";1
815;"2023-05-12 23:51:34";"Debito";84628638;"786946";0
816;"2023-01-13 00:48:32";"Billetera Virtual";44530216;"490215";0
817;"2023-02-04 05:34:03";"Debito";77268910;"789479";0
818;"2024-12-04 07:57:19";"Credito";56282315;"623982";0
819;"2023-05-21 16:15:12";"Transferencia";65980954;"370686";1
820;"2023-02-16 15:59:15";"Credito";71715813;"720007";0
821;"2023-02-07 19:46:31";"Efectivo";11489420;"399604";1
822;"2024-12-02 02:05:07";"Billetera Virtual";69312265;"719036";1
823;"2023-02-15 04:11:51";"Efectivo";94847000;"621842";0
824;"2023-01-25 20:07:29";"Credito";32353994;"285776";0
825;"2023-02-24 20:14:42";"Credito";38651134;"814002";1
826;"2023-06-04 02:16:17";"Credito";91777212;"523095";1
827;"2023-02-09 23:51:04";"Credito";16224051;"575437";1
828;"2024-11-12 19:30:31";"Credito";36508447;"525346";0
829;"2024-11-19 11:20:45";"Efectivo";34611302;"347068";0
830;"2023-04-12 12:10:30";"Debito";79075397;"516734";1
831;"2024-10-25 01:03:44";"Efectivo";93057897;"467205";0
832;"2024-11-30 01:24:29";"Debito";10825579;"947406";1
833;"2023-03-09 19:03:55";"Efectivo";83964257;"939469";1
834;"2024-11-27 09:40:39";"Credito";97577237;"949504";0
835;"2023-04-22 00:02:33";"Credito";92655982;"949237";0
836;"2024-12-15 21:46:34";"Billetera Virtual";39053444;"654287";1
837;"2023-02-26 10:40:22";"Transferencia";92084253;"468040";0
838;"2023-02-13 08:37:45";"Debito";79114431;"428116";1
839;"2024-12-22 13:22:40";"Credito";59502113;"897386";1
840;"2024-12-11 15:06:30";"Billetera Virtual";64121971;"378026";1
841;"2024-10-11 18:28:33";"Credito";20285168;"600702";0
842;"2023-03-18 18:52:36";"Efectivo";49335895;"424633";0
843;"2024-12-04 03:43:04";"Transferencia";68358683;"553638";0
844;"2023-05-08 14:06:30";"Credito";16478694;"491725";1
845;"2023-03-11 17:27:32";"Credito";45942755;"630557";0
846;"2023-03-02 02:04:13";"Efectivo";93954865;"525583";1
847;"2024-12-03 00:11:04";"Billetera Virtual";52542289;"168677";1
848;"2023-03-29 16:26:48";"Credito";99401457;"639446";0
849;"2023-02-04 23:44:29";"Efectivo";60693961;"809445";1
850;"2023-02-18 21:10:59";"Efectivo";71381862;"289481";0
851;"2023-01-07 15:25:26";"Debito";83271313;"577979";0
852;"2023-01-22 20:05:22";"Debito";55794215;"630205";0
853;"2023-04-21 16:11:33";"Credito";28599441;"331221";1
854;"2023-03-06 12:21:28";"Billetera Virtual";75255882;"732876";1
855;"2023-01-15 22:48:38";"Efectivo";96060838;"805414";1
856;"2023-01-12 22:44:01";"Debito";75454424;"132474";0
857;"2023-01-04 09:58:07";"Credito";12498035;"223015";1
858;"2023-03-31 13:00:01";"Efectivo";50635048;"576947";0
859;"2023-03-01 17:46:40";"Transferencia";21288619;"858262";0
860;"2023-04-11 21:00:25";"Credito";13924480;"151812";0
861;"2023-01-31 17:25:30";"Credito";59893438;"127972";1
862;"2024-10-27 12:48:48";"Credito";71665435;"304451";0
863;"2024-10-24 01:30:56";"Credito";14135169;"492517";0
864;"2023-05-28 16:12:56";"Credito";48777463;"121346";0
865;"2024-12-10 10:08:05";"Debito";38607473;"980812";1
866;"2023-01-15 21:59:27";"Transferencia";55508613;"113960";1
867;"2023-02-13 22:09:50";"Efectivo";69986394;"220065";1
868;"2024-11-10 19:56:17";"Debito";72503758;"654176";0
869;"2023-01-18 18:36:11";"Efectivo";38207070;"907446";0
870;"2024-11-08 11:01:50";"Credito";35788571;"216568";1
871;"2023-04-29 18:58:43";"Transferencia";68883906;"213148";0
872;"2023-02-14 16:51:17";"Efectivo";70520707;"569779";0
873;"2023-05-10 19:35:59";"Transferencia";22153307;"308682";0
874;"2023-01-27 02:30:21";"Transferencia";57919910;"675566";0
875;"2023-01-13 10:39:13";"Debito";53798045;"143053";0
876;"2023-04-25 06:33:13";"Transferencia";78689057;"783995";0
877;"2023-04-09 20:14:05";"Transferencia";27400088;"928286";1
878;"2023-02-01 02:41:00";"Transferencia";56805722;"499638";1
879;"2023-03-27 22:01:34";"Debito";88830475;"419388";0
880;"2024-11-07 06:00:58";"Debito";89439912;"535933";0
881;"2023-03-18 19:03:15";"Credito";14495567;"661994";1
882;"2023-06-01 07:48:55";"Transferencia";74718043;"505736";0
883;"2023-01-24 10:59:36";"Billetera Virtual";99240067;"644237";1
884;"2023-02-26 23:49:20";"Debito";56246254;"982240";0
885;"2023-05-19 11:09:34";"Efectivo";45369535;"348687";1
886;"2023-02-21 18:34:24";"Debito";90768757;"537910";1
887;"2023-02-01 06:11:39";"Transferencia";59806249;"592462";1
888;"2024-10-12 23:08:05";"Transferencia";51974799;"229169";0
889;"2024-10-19 00:00:24";"Transferencia";88904354;"774306";1
890;"2023-04-26 10:16:06";"Transferencia";23544653;"110250";0
891;"2023-05-11 18:10:15";"Credito";52007891;"813000";1
892;"2024-12-24 13:40:50";"Billetera Virtual";34933410;"718718";0
893;"2024-11-05 15:38:25";"Credito";57993519;"152964";1
894;"2023-05-16 08:38:00";"Efectivo";90707097;"971950";1
895;"2023-05-11 18:16:22";"Efectivo";79754597;"214896";1
896;"2023-05-04 22:32:50";"Transferencia";87380301;"947292";0
897;"2024-11-13 14:29:25";"Credito";21997057;"246600";0
898;"2023-02-23 07:48:23";"Debito";59707538;"532236";1
899;"2023-05-23 03:24:28";"Efectivo";53600584;"153270";1
900;"2024-10-19 19:39:09";"Transferencia";35997890;"607835";0
901;"2023-04-30 18:21:34";"Credito";65903828;"610817";0
902;"2023-01-26 12:49:43";"Efectivo";32681211;"930329";1
903;"2023-04-24 00:12:05";"Transferencia";38172263;"867365";1
904;"2023-05-11 02:49:11";"Debito";66162304;"918077";0
905;"2023-04-01 11:10:27";"Transferencia";20051552;"963346";0
906;"2024-11-07 18:18:14";"Credito";63192652;"822747";0
907;"2024-11-12 02:34:49";"Transferencia";86060893;"964953";0
908;"2023-01-30 00:40:43";"Transferencia";37984695;"491237";0
909;"2024-10-25 02:00:54";"Credito";64488089;"381999";0
910;"2023-05-15 15:55:49";"Debito";13998076;"738391";1
911;"2023-02-23 14:08:17";"Transferencia";88401009;"846907";0
912;"2023-03-31 22:36:22";"Credito";81351237;"321290";1
913;"2023-03-07 05:48:25";"Credito";94889056;"296836";0
914;"2023-04-02 05:06:18";"Credito";65007748;"830975";0
915;"2024-10-29 05:41:23";"Transferencia";14950941;"683910";0
916;"2023-03-01 14:55:03";"Transferencia";98178653;"637205";0
917;"2024-12-09 18:18:09";"Billetera Virtual";95153803;"830408";0
918;"2023-05-25 05:34:02";"Efectivo";52347397;"704033";0
919;"2023-01-09 10:02:01";"Transferencia";27446275;"764750";1
920;"2024-12-13 16:39:14";"Transferencia";19312132;"570359";1
921;"2024-11-23 08:16:03";"Credito";16807428;"181200";1
922;"2023-01-25 18:39:08";"Credito";97084250;"148523";1
923;"2024-12-05 02:39:24";"Efectivo";83493541;"690473";1
924;"2023-05-19 23:48:35";"Billetera Virtual";68511262;"500899";1
925;"2024-12-28 20:49:12";"Debito";70610007;"368426";0
926;"2024-12-15 17:28:57";"Efectivo";42690186;"298398";1
927;"2023-02-07 19:47:42";"Debito";61786849;"554447";1
928;"2023-04-24 22:07:34";"Efectivo";47151089;"477358";0
929;"2023-02-12 11:58:53";"Efectivo";94776699;"313935";0
930;"2023-05-21 07:53:08";"Credito";96158340;"102615";0
931;"2024-11-04 01:52:30";"Credito";99484656;"370135";1
932;"2023-02-06 22:33:38";"Billetera Virtual";73005027;"202966";1
933;"2024-11-21 23:23:34";"Debito";34989690;"305699";1
934;"2024-11-07 10:52:15";"Debito";29258061;"523972";1
935;"2024-12-15 00:23:40";"Efectivo";79951301;"550059";0
936;"2023-05-12 02:42:27";"Billetera Virtual";93029411;"511532";0
937;"2023-01-31 05:06:05";"Credito";10474504;"414171";1
938;"2023-03-18 08:17:04";"Debito";14906875;"857087";0
939;"2024-10-13 06:24:05";"Debito";85755444;"122851";1
940;"2024-11-16 20:27:03";"Debito";20448968;"231488";0
941;"2024-11-17 17:29:39";"Billetera Virtual";99243506;"323948";0
942;"2024-11-14 12:11:06";"Debito";83541486;"351648";0
943;"2024-10-27 11:33:12";"Billetera Virtual";73944139;"556406";0
944;"2023-04-15 08:30:19";"Credito";33943237;"168417";1
945;"2023-04-26 08:48:16";"Billetera Virtual";35446298;"403257";1
946;"2023-02-06 06:25:26";"Billetera Virtual";29601160;"589887";0
947;"2023-01-19 00:09:12";"Transferencia";87920545;"259693";1
948;"2024-10-11 04:28:53";"Debito";85606083;"241142";1
949;"2023-01-30 11:38:44";"Transferencia";91793859;"525135";1
950;"2024-10-16 21:16:04";"Credito";71015624;"754287";1
951;"2023-05-31 21:05:16";"Billetera Virtual";48126495;"210565";1
952;"2024-12-28 13:45:07";"Transferencia";43053638;"632344";0
953;"2024-11-29 09:03:05";"Credito";99867851;"796915";0
954;"2023-02-25 05:22:49";"Efectivo";39581947;"420247";1
955;"2023-02-06 20:13:23";"Billetera Virtual";54337984;"806577";1
956;"2023-01-26 18:40:46";"Debito";83633894;"201147";0
957;"2023-05-02 10:22:21";"Debito";66412973;"553800";1
958;"2023-02-14 09:30:19";"Transferencia";81430199;"738948";1
959;"2023-05-27 23:19:56";"Transferencia";64669448;"832817";0
960;"2024-11-02 03:56:23";"Efectivo";25879855;"879460";1
961;"2023-03-01 13:42:29";"Credito";81036947;"415916";1
962;"2023-01-11 22:24:20";"Billetera Virtual";99613890;"150854";0
963;"2024-11-22 18:06:12";"Transferencia";76595564;"454427";0
964;"2024-10-11 14:36:03";"Credito";44221817;"650961";1
965;"2023-02-22 00:03:26";"Debito";44516639;"393909";1
966;"2023-04-24 15:00:25";"Credito";19067948;"524236";1
967;"2024-12-02 05:25:31";"Billetera Virtual";82798038;"129992";0
968;"2023-04-27 15:55:58";"Efectivo";19080050;"694089";0
969;"2023-01-03 01:52:33";"Efectivo";52078325;"214074";0
970;"2023-04-24 09:17:38";"Credito";79642191;"394000";1
971;"2024-12-28 03:32:13";"Credito";50196129;"221836";0
972;"2023-03-28 07:58:40";"Debito";53688976;"335495";1
973;"2024-11-02 12:38:54";"Debito";91068744;"735180";1
974;"2024-11-02 09:09:52";"Billetera Virtual";67822713;"278589";1
975;"2024-11-26 12:15:11";"Billetera Virtual";19692294;"728565";1
976;"2023-03-09 14:33:26";"Efectivo";21997152;"621423";1
977;"2023-03-19 06:07:40";"Efectivo";21467318;"253873";1
978;"2024-12-10 14:30:24";"Efectivo";67317964;"607902";0
979;"2023-02-08 19:28:55";"Credito";33665705;"410099";0
980;"2023-03-24 18:04:25";"Credito";85983433;"971168";0
981;"2023-02-17 11:36:04";"Transferencia";52881001;"485650";0
982;"2024-10-15 21:46:43";"Debito";80355727;"684147";0
983;"2023-03-16 01:07:54";"Credito";34214144;"364312";0
984;"2023-03-03 01:53:37";"Debito";89041653;"172188";0
985;"2023-05-25 08:12:03";"Credito";76596759;"488471";0
986;"2023-03-02 23:39:42";"Credito";70848986;"624121";1
987;"2024-11-20 06:08:27";"Efectivo";64558410;"223111";0
988;"2024-10-29 09:45:38";"Credito";13362601;"132811";0
989;"2024-11-24 19:37:49";"Efectivo";76551366;"857003";1
990;"2024-11-04 17:12:50";"Debito";74755275;"423833";1
991;"2024-11-11 23:11:44";"Debito";25582305;"191833";0
992;"2024-12-16 04:12:02";"Credito";69200456;"636688";1
993;"2023-05-09 00:50:59";"Credito";81610733;"245003";1
994;"2023-05-06 07:41:45";"Transferencia";90189385;"225965";0
995;"2023-02-24 14:25:45";"Credito";26094445;"451342";0
996;"2023-03-25 21:04:01";"Efectivo";22292091;"322702";0
997;"2024-10-10 01:17:21";"Efectivo";31440108;"629280";0
998;"2023-04-11 03:05:15";"Billetera Virtual";35713262;"436928";1
999;"2023-06-04 18:31:31";"Debito";89075977;"173336";1
1000;"2023-04-05 16:52:15";"Transferencia";75996922;"953810";1
