"Empleado_DNI_empleado";"Matrícula_nacional";"Id_título";"Responsable"
10154134;1080892;"PYfdS77OlS";1
12086026;7225277;"sFIJmO";1
12955480;5916626;"VfwJ8R5S";0
15371333;8010987;"Uy7ej620q";1
16333734;1937705;"USz9Xu";0
16922856;9667503;"46QACp81wB";1
19197029;3988471;"Ugbduv";1
19202323;5962832;"650w0e";1
19454316;9008551;"DZBTcHx0Bj";1
24501443;2918101;"c3st4l55vk";0
24753980;1903513;"4413gVr";1
26050833;3103630;"599hGavGC";1
26085616;4146168;"i9t0bKV";0
26203237;9528983;"B6ZwLMMZ";1
26314818;1970478;"e6tp3iCxzq";1
26732300;6491549;"14pf3k2b";0
26997174;7449521;"1j60q9k7r";1
27547339;2498344;"LI0wJD5";0
28163074;8642484;"yHbys4FU";1
28344177;7186949;"C1J5XO";1
29965850;9356315;"ixPNs3376d";1
30173148;5242974;"50cz44To9J";1
30527294;2811565;"inf7x0QY";0
31834888;7868530;"WO0e53y";1
32356529;28314;"uPK8Z51Re";0
35745993;9961774;"BsOZCuZ2";1
36971023;3954768;"UzxNPEXX17";0
41150081;6812200;"8O4x2IRF";1
42122146;4100171;"fbkOE60";1
43149247;9275986;"Ny716Kt2";0
46024087;1323683;"D4n91NW2";0
47607469;5404702;"WVdVcYQsa";0
48601762;4624375;"6405Qn6U2a";0
52582097;8786529;"A6u25yF";0
52646733;827566;"29dpbN0qn";0
54867089;8266167;"o64O0iq8G";1
55521579;5324553;"cy3Ek6vc";1
56253811;6892070;"1u7Pb37WDs";1
60850603;4921109;"7jO78e";0
61243458;2549397;"5HKnJT";1
61972303;4758019;"Sl70P1r1K";0
63172844;3445492;"QZgf7cv";0
63830297;1115021;"7LL953pA";0
64505267;2123197;"73U1uI3K";0
67794288;3499564;"080668P0k";1
69312732;926812;"GrC3o3pa6";0
70005274;9212108;"0jkcpjQi";1
70980965;4086160;"cFaT0t1v2C";0
73232999;3478840;"IF6Dh3610";1
74456416;4763981;"517Ni3";0
77943496;1057041;"Zkj5830X5";1
81549549;6243408;"4Ccea7";0
83662889;2743833;"e8F8cq7";1
84239222;5550679;"hFCLrE6u";0
87590055;6907468;"ph4s8Q";0
87631775;1187301;"v1T7hZK0";0
88178025;7734729;"1Wm6tGNO";0
88872387;8531363;"f8TdkUs4";1
90832845;4639633;"TFH12H09P";0
97959843;5309860;"I0j65E58";0
